fname,target,pred
pos_A00032_39919-4762.png,1,0.9983288645744324
neg_A00020_30254-10225.png,0,0.0003237690543755889
pos_A00007_36844-16740.png,1,0.9726495146751404
neg_A00041_32121-6353.png,0,0.0009830882772803307
neg_A00011_26462-14125.png,0,0.25912198424339294
pos_A00007_32931-19677.png,1,0.7366374731063843
neg_A00005_11039-16210.png,0,0.40337681770324707
neg_A00032_10359-22648.png,0,0.034100428223609924
neg_A00008_2826-15250.png,0,0.04505753517150879
neg_A00020_28934-10069.png,0,0.015072628855705261
neg_A00018_23581-2856.png,0,4.794958294951357e-05
neg_A00006_28941-1708.png,0,0.008203785866498947
neg_A00003_7282-22401.png,0,0.014323236420750618
neg_A00037_21781-6819.png,0,0.021145395934581757
neg_A00006_21144-22433.png,0,0.0008525666780769825
pos_A00036_27815-21783.png,1,0.7660312056541443
pos_A00007_33296-20209.png,1,0.11884451657533646
pos_A00004_8722-4992.png,1,0.9993797540664673
pos_A00007_34066-19476.png,1,0.004373823292553425
neg_A00006_18500-6830.png,0,0.011072160676121712
neg_A00029_33859-27364.png,0,0.13793841004371643
pos_A00036_27660-20886.png,1,0.0420483723282814
neg_A00031_45323-17522.png,0,0.2362518012523651
neg_A00031_46289-14547.png,0,0.3696563243865967
pos_A00004_6978-15636.png,1,0.875361442565918
neg_A00006_22217-16997.png,0,0.7868686318397522
neg_A00012_11406-25357.png,0,0.008660931140184402
neg_A00033_28204-8799.png,0,0.48249006271362305
pos_A00035_25277-26083.png,1,0.9947289824485779
neg_A00003_33203-15076.png,0,0.01833445206284523
neg_A00031_45710-6902.png,0,0.7110798954963684
pos_A00008_41084-9677.png,1,0.9979129433631897
pos_A00035_23314-7255.png,1,0.2403063178062439
neg_A00043_27885-9266.png,0,0.007011795416474342
pos_A00019_28666-17890.png,1,0.03277498483657837
pos_A00006_31046-1524.png,1,0.00371447391808033
neg_A00003_4779-22022.png,0,0.008594110608100891
neg_A00029_44519-4221.png,0,0.4258738160133362
neg_A00020_34794-1609.png,0,0.0005838324432261288
pos_A00046_34758-15387.png,1,0.9996033310890198
neg_A00017_15476-1555.png,0,0.42788970470428467
neg_A00043_32380-30506.png,0,0.0011291545815765858
neg_A00006_22698-11536.png,0,0.0004416242882143706
pos_A00040_702-11365.png,1,0.998542070388794
neg_A00010_23352-24082.png,0,0.9401335716247559
pos_A00019_30765-37295.png,1,0.986057698726654
neg_A00005_12255-16943.png,0,0.053551625460386276
neg_A00001_21690-23963.png,0,0.8134608268737793
neg_A00036_25887-26697.png,0,0.0010024583898484707
neg_A00016_12683-19519.png,0,0.01720971055328846
neg_A00009_8698-14530.png,0,0.29905402660369873
neg_A00005_16296-25982.png,0,0.0015916259726509452
neg_A00002_14115-6983.png,0,0.001658154185861349
neg_A00026_21990-6871.png,0,0.9982892870903015
neg_A00006_18760-22523.png,0,0.0012743263505399227
neg_A00012_11523-16763.png,0,0.009783875197172165
neg_A00006_21554-17501.png,0,0.2803700268268585
neg_A00006_25164-1326.png,0,0.001356401713564992
neg_A00041_26407-16822.png,0,0.037573304027318954
pos_A00009_13177-17483.png,1,0.18374003469944
neg_A00039_7241-5183.png,0,0.5986055731773376
neg_A00033_31111-27563.png,0,0.006519821472465992
pos_A00008_10885-12278.png,1,0.9968396425247192
neg_A00040_1973-17489.png,0,0.054701510816812515
neg_A00012_8705-16927.png,0,0.0034296035300940275
neg_A00019_30121-19174.png,0,0.22017472982406616
neg_A00020_34350-1518.png,0,0.0024438865948468447
neg_A00002_13555-24430.png,0,0.009917222894728184
neg_A00038_20302-16757.png,0,0.03687337040901184
neg_A00010_16681-16914.png,0,0.371934711933136
pos_A00004_4902-11753.png,1,0.9993638396263123
neg_A00018_20280-3212.png,0,8.547616744181141e-05
pos_A00010_8224-16926.png,1,0.23903833329677582
neg_A00031_47089-14930.png,0,0.022371459752321243
neg_A00016_3016-21161.png,0,0.0018748617731034756
neg_A00006_22142-22828.png,0,0.00038899207720533013
neg_A00003_7056-22060.png,0,0.1841064840555191
pos_A00023_14437-8893.png,1,0.9953272342681885
neg_A00038_15186-23668.png,0,0.027066176757216454
pos_A00008_6183-12463.png,1,0.9994995594024658
neg_A00045_8704-27346.png,0,0.001968494849279523
neg_A00016_19735-24509.png,0,0.1086609736084938
neg_A00006_19000-11526.png,0,0.00030534894904121757
neg_A00031_13392-21811.png,0,0.10903988778591156
pos_A00001_33157-9066.png,1,0.9993108510971069
neg_A00042_31876-6185.png,0,0.00025865272618830204
neg_A00010_13562-24506.png,0,0.3141557574272156
neg_A00016_8727-25508.png,0,0.011104286648333073
neg_A00013_17785-15482.png,0,0.007861457765102386
neg_A00009_8401-14430.png,0,0.9517737030982971
neg_A00020_29272-10207.png,0,0.0031788661144673824
neg_A00005_13683-20678.png,0,0.002046750159934163
neg_A00001_31785-3066.png,0,0.0003569705877453089
neg_A00003_22574-22815.png,0,0.055208683013916016
neg_A00006_35498-16269.png,0,0.01279651839286089
neg_A00006_14881-1989.png,0,0.0005680935573764145
pos_A00007_2852-16176.png,1,0.918297290802002
pos_A00024_41132-9678.png,1,0.9965097308158875
neg_A00004_18105-14555.png,0,0.13586142659187317
neg_A00013_1556-23190.png,0,0.15993772447109222
neg_A00013_22974-7217.png,0,0.0028560124337673187
neg_A00045_14617-28234.png,0,0.0006785172154195607
neg_A00014_9347-11620.png,0,0.000550624739844352
neg_A00014_14806-10865.png,0,0.37920597195625305
pos_A00038_24129-16166.png,1,0.9760379791259766
neg_A00037_21072-7574.png,0,0.09842541813850403
neg_A00005_15268-24040.png,0,0.1716158092021942
neg_A00013_16943-14871.png,0,0.1678997278213501
neg_A00019_25286-18307.png,0,0.006229157093912363
neg_A00039_38515-17608.png,0,0.0001500056532677263
neg_A00022_37481-27092.png,0,0.04981965571641922
pos_A00010_11693-24586.png,1,0.8092005848884583
neg_A00033_30143-28092.png,0,0.042682282626628876
neg_A00012_8479-2599.png,0,0.8783142566680908
pos_A00035_8483-4679.png,1,0.9959535598754883
neg_A00005_17385-26318.png,0,0.21493849158287048
neg_A00007_42404-11585.png,0,0.3259495198726654
pos_A00030_9812-29671.png,1,0.13747455179691315
neg_A00020_34927-24336.png,0,0.9419218301773071
neg_A00005_15811-26145.png,0,0.2833845913410187
neg_A00039_3818-4987.png,0,0.20079264044761658
neg_A00010_15237-16936.png,0,0.16132023930549622
neg_A00031_48371-13629.png,0,0.014309456571936607
neg_A00039_20570-16112.png,0,0.0007194326026365161
pos_A00008_14195-9036.png,1,0.0019646615255624056
neg_A00016_19304-23425.png,0,0.04284217581152916
neg_A00003_8640-22440.png,0,0.07403029501438141
neg_A00039_37157-17734.png,0,0.00023050671734381467
neg_A00021_2771-7691.png,0,0.0011402228847146034
neg_A00040_36525-7166.png,0,0.057018861174583435
pos_A00001_28045-10641.png,1,0.953665018081665
pos_A00006_23025-17107.png,1,0.7452593445777893
neg_A00011_20016-4563.png,0,0.00012195717135909945
pos_A00004_37315-9548.png,1,0.9043552875518799
neg_A00006_16162-2024.png,0,0.015921683982014656
pos_A00008_2111-14970.png,1,0.4177316427230835
neg_A00006_18214-22320.png,0,0.009994227439165115
neg_A00037_21744-7055.png,0,0.02437659725546837
neg_A00017_26960-33284.png,0,0.03521113842725754
neg_A00009_9336-17004.png,0,0.12168575078248978
neg_A00012_15350-16169.png,0,0.03799937665462494
neg_A00006_32028-6640.png,0,0.0011672308901324868
pos_A00042_13220-27575.png,1,0.9182239770889282
neg_A00027_23262-32071.png,0,0.7709825038909912
neg_A00007_43081-11286.png,0,0.38139235973358154
neg_A00005_12229-22742.png,0,0.00042804275290109217
neg_A00012_9328-26486.png,0,0.38257384300231934
neg_A00006_33628-16328.png,0,0.0012065897462889552
neg_A00012_10537-26133.png,0,0.03258974477648735
neg_A00028_27608-18156.png,0,0.4008959233760834
neg_A00005_16890-24813.png,0,0.00886449869722128
neg_A00016_21301-20438.png,0,0.011331754736602306
pos_A00027_22842-32547.png,1,0.9927812218666077
pos_A00036_26288-30280.png,1,0.993752658367157
neg_A00029_14411-9351.png,0,0.33865785598754883
neg_A00012_7230-17141.png,0,0.13857834041118622
pos_A00008_33243-6998.png,1,0.9930017590522766
neg_A00016_28855-20338.png,0,0.967808187007904
neg_A00037_21053-7089.png,0,0.8467679023742676
neg_A00020_35690-1162.png,0,0.00675808684900403
neg_A00006_21282-17290.png,0,0.030704854056239128
neg_A00028_30424-13255.png,0,0.028463024646043777
neg_A00006_25654-1742.png,0,0.00028075865702703595
neg_A00010_26820-23707.png,0,0.01745923049747944
pos_A00030_22929-23935.png,1,0.9688562154769897
neg_A00041_32279-16647.png,0,0.2741084098815918
pos_A00008_40289-9089.png,1,0.9954791069030762
pos_A00005_16639-26745.png,1,0.9983417987823486
pos_A00030_10584-30043.png,1,0.9942362904548645
pos_A00009_34857-21067.png,1,0.9976632595062256
pos_A00008_42411-10567.png,1,0.9923490285873413
neg_A00018_23295-2959.png,0,7.662102143513039e-05
neg_A00005_14812-21267.png,0,0.007770581636577845
neg_A00003_2777-21988.png,0,0.017127320170402527
neg_A00006_16717-1639.png,0,0.00466365460306406
pos_A00035_9028-4628.png,1,0.9926256537437439
neg_A00001_28986-2445.png,0,0.0001676675892667845
neg_A00016_11552-10366.png,0,0.0004592085024341941
neg_A00028_30798-14025.png,0,0.0063635739497840405
neg_A00005_15889-21961.png,0,0.3888210654258728
neg_A00031_17250-27570.png,0,0.0024726232513785362
pos_A00008_11184-11488.png,1,0.9933459758758545
pos_A00019_29133-16033.png,1,0.3843343257904053
neg_A00045_10996-27648.png,0,0.00620502233505249
neg_A00047_11989-6088.png,0,0.0007583600236102939
neg_A00043_20062-9060.png,0,0.00025814815307967365
neg_A00018_14202-14988.png,0,0.7796576023101807
neg_A00004_4564-12149.png,0,0.9919223785400391
neg_A00031_47105-15676.png,0,0.0013993984321132302
neg_A00006_35053-10878.png,0,0.0008525666780769825
pos_A00040_35217-28841.png,1,0.9891291856765747
neg_A00012_9355-17211.png,0,0.009840806014835835
pos_A00018_17883-16105.png,1,0.9546896815299988
neg_A00003_19182-14934.png,0,0.0005053045460954309
neg_A00004_12855-37556.png,0,0.6805071830749512
pos_A00027_23028-30949.png,1,0.8996515870094299
neg_A00032_25188-23921.png,0,0.9994285702705383
neg_A00018_6637-29456.png,0,0.6420538425445557
neg_A00022_47047-25761.png,0,0.00025118677876889706
neg_A00010_15656-16933.png,0,0.5920807719230652
neg_A00012_8093-2490.png,0,0.03796369209885597
neg_A00020_25394-25550.png,0,0.3517424166202545
neg_A00022_15896-30148.png,0,0.007431773468852043
neg_A00012_7176-2981.png,0,0.04586266726255417
neg_A00017_14038-1167.png,0,0.1564267873764038
neg_A00039_53565-9774.png,0,0.11992251873016357
neg_A00022_40587-22559.png,0,0.0006667023408226669
neg_A00028_27756-18361.png,0,0.14211279153823853
pos_A00008_31578-6216.png,1,0.04004979506134987
neg_A00039_54062-20824.png,0,0.2952299416065216
neg_A00016_48890-24076.png,0,0.05749327689409256
pos_A00004_10679-18637.png,1,0.9710468649864197
neg_A00011_30053-12994.png,0,0.23863890767097473
neg_A00039_21228-16093.png,0,0.0007364808116108179
neg_A00013_3395-21001.png,0,0.5663483738899231
pos_A00004_22584-4488.png,1,0.9871664643287659
neg_A00006_17943-22559.png,0,0.0017580388812348247
pos_A00004_8407-17637.png,1,0.9901496171951294
pos_A00001_33647-27219.png,1,0.9994105100631714
pos_A00000_11453-15693.png,1,0.998279333114624
pos_A00042_7845-27837.png,1,0.9967333078384399
neg_A00034_35136-10412.png,0,0.3854035437107086
neg_A00020_25818-25457.png,0,0.6665781736373901
neg_A00010_19308-16939.png,0,0.5140153169631958
neg_A00039_51905-18690.png,0,0.00021952427050564438
neg_A00010_10072-24620.png,0,0.01851104386150837
neg_A00003_26806-22259.png,0,0.01954994723200798
neg_A00038_29961-14102.png,0,0.016931161284446716
pos_A00019_37335-12834.png,1,8.2523598393891e-05
neg_A00004_15731-19079.png,0,0.047030385583639145
neg_A00028_23578-20187.png,0,0.011222866363823414
neg_A00010_6982-24668.png,0,0.0193636417388916
neg_A00043_23675-9137.png,0,0.0011604195460677147
pos_A00004_44015-6131.png,1,0.1905733346939087
neg_A00040_40479-6158.png,0,0.007680746726691723
neg_A00005_15209-25760.png,0,0.054449573159217834
pos_A00007_33608-20734.png,1,0.006444352213293314
pos_A00006_21652-22703.png,1,0.00027966435300186276
neg_A00017_12666-7854.png,0,0.7359263896942139
neg_A00017_53538-13767.png,0,0.990532636642456
neg_A00043_27576-30272.png,0,0.005230278242379427
neg_A00003_4053-22112.png,0,0.14366760849952698
neg_A00038_15702-20486.png,0,0.23331308364868164
neg_A00038_14191-24245.png,0,0.0008642927859909832
neg_A00044_38405-10748.png,0,0.03484803065657616
neg_A00004_5313-39363.png,0,0.008461998775601387
neg_A00006_26066-773.png,0,0.008560891263186932
neg_A00010_23896-24023.png,0,0.41232308745384216
pos_A00004_39710-8476.png,1,0.9994127750396729
neg_A00037_9155-5309.png,0,0.0001733271637931466
neg_A00038_15142-24115.png,0,0.00620502233505249
neg_A00038_15002-20965.png,0,0.11971653252840042
pos_A00030_9284-27246.png,1,0.982557475566864
pos_A00008_12547-10049.png,1,0.7984030246734619
pos_A00032_5401-22179.png,1,0.510452151298523
pos_A00030_10939-29722.png,1,0.9580301642417908
neg_A00000_3617-26571.png,0,0.032344330102205276
pos_A00008_39828-10191.png,1,0.9233506917953491
neg_A00017_12604-7716.png,0,0.7324004769325256
neg_A00038_8599-11853.png,0,0.18227992951869965
pos_A00030_9889-28974.png,1,0.483648419380188
neg_A00005_17514-24440.png,0,0.012637128122150898
neg_A00016_20194-25795.png,0,0.039787810295820236
neg_A00038_10589-22817.png,0,0.007673306856304407
pos_A00000_9729-15520.png,1,0.9870296716690063
neg_A00039_9474-5430.png,0,0.19049803912639618
neg_A00038_32084-13705.png,0,0.01050938293337822
pos_A00043_19211-31244.png,1,0.8029034733772278
neg_A00016_7289-22553.png,0,0.004086002707481384
pos_A00008_10257-13383.png,1,0.9966949224472046
neg_A00029_31453-24703.png,0,0.05948283150792122
neg_A00004_7615-38245.png,0,0.0005336928297765553
neg_A00011_26882-13947.png,0,0.3893723785877228
neg_A00040_15629-6337.png,0,0.006475691217929125
pos_A00033_33360-11572.png,1,0.9976769089698792
neg_A00009_33979-20649.png,0,0.0013511208817362785
neg_A00006_16569-7387.png,0,0.0012089457595720887
pos_A00008_3463-15194.png,1,0.9765576720237732
pos_A00036_5022-18432.png,1,0.9997612833976746
neg_A00031_12842-22032.png,0,0.008093290962278843
pos_A00011_29054-11202.png,1,0.9675332307815552
pos_A00030_8512-24938.png,1,0.9957929849624634
neg_A00000_1884-26418.png,0,0.0028118586633354425
pos_A00023_15336-9262.png,1,0.6658656001091003
pos_A00014_30820-11617.png,1,0.997880220413208
neg_A00003_5951-22102.png,0,0.04111437126994133
pos_A00036_9216-24525.png,1,0.9569973349571228
pos_A00030_10110-27154.png,1,0.95865398645401
neg_A00017_19356-7848.png,0,0.174480602145195
pos_A00017_17796-14086.png,1,0.061819322407245636
neg_A00039_22226-3818.png,0,0.00012706265260931104
neg_A00016_8742-23097.png,0,0.018003465607762337
neg_A00020_26936-10280.png,0,0.02286800742149353
neg_A00011_24974-14922.png,0,0.14493373036384583
neg_A00006_16319-7484.png,0,0.000517281296197325
neg_A00012_20377-15749.png,0,0.008881675079464912
neg_A00002_16242-9794.png,0,0.05465104058384895
neg_A00001_2303-8086.png,0,0.9714558720588684
pos_A00035_9088-4849.png,1,0.9888418912887573
neg_A00047_14153-6177.png,0,0.0024154833517968655
neg_A00012_9903-26291.png,0,0.033526163548231125
neg_A00013_3332-21594.png,0,0.9321451187133789
neg_A00006_23461-6520.png,0,0.6648667454719543
pos_A00001_28504-10334.png,1,0.9980005621910095
pos_A00030_8863-27040.png,1,0.7706374526023865
neg_A00006_35775-16388.png,0,0.007232763338834047
neg_A00039_18489-6482.png,0,0.0071352520026266575
pos_A00030_10919-29386.png,1,0.9939024448394775
neg_A00010_6006-24672.png,0,0.2322666049003601
neg_A00039_33586-4599.png,0,0.0001076283588190563
neg_A00015_4179-11219.png,0,0.008711383678019047
pos_A00000_8482-15363.png,1,0.95735764503479
neg_A00010_6298-24405.png,0,0.028463024646043777
neg_A00038_11613-23487.png,0,0.012527933344244957
neg_A00006_21038-22544.png,0,0.0014493984635919333
pos_A00030_10924-28909.png,1,0.9988259673118591
neg_A00033_17325-8499.png,0,0.0031603528186678886
pos_A00047_41342-4829.png,1,0.9992720484733582
neg_A00016_6960-20967.png,0,0.017193201929330826
neg_A00012_11574-1711.png,0,0.07892587780952454
pos_A00015_39098-39584.png,1,0.9994503855705261
neg_A00006_23128-11483.png,0,0.0015947326319292188
neg_A00034_36388-11413.png,0,0.42891350388526917
pos_A00004_24456-4334.png,1,0.9987280964851379
neg_A00006_24051-6853.png,0,0.0004784256452694535
neg_A00016_19878-20255.png,0,0.03504563868045807
neg_A00020_33050-2378.png,0,0.22329238057136536
neg_A00013_19966-4876.png,0,9.876620606519282e-05
neg_A00022_43423-26143.png,0,0.001429745345376432
neg_A00029_43356-4915.png,0,0.027532940730452538
pos_A00008_41038-10922.png,1,0.9647555947303772
pos_A00017_44620-9388.png,1,0.9996079802513123
neg_A00016_12512-20177.png,0,0.0015129382954910398
pos_A00032_15812-22962.png,1,0.9344549775123596
neg_A00041_32485-16837.png,0,0.10039249807596207
pos_A00023_19061-7176.png,1,0.9346938133239746
neg_A00005_16553-26369.png,0,0.07030384242534637
pos_A00027_23763-31969.png,1,0.9591160416603088
pos_A00027_22506-32285.png,1,0.24409262835979462
neg_A00045_17646-28520.png,0,0.0013198636006563902
pos_A00030_11128-30371.png,1,0.9750834703445435
neg_A00001_10624-8000.png,0,0.672788679599762
neg_A00001_28350-2598.png,0,0.0003012038941960782
neg_A00003_3392-21816.png,0,0.010923455469310284
neg_A00037_7436-5938.png,0,0.0028671587351709604
neg_A00000_22303-8668.png,0,0.004117917735129595
pos_A00040_4889-6680.png,1,0.7207369208335876
neg_A00011_25229-14956.png,0,0.34130799770355225
pos_A00030_8921-25122.png,1,0.9989956021308899
neg_A00025_27984-32169.png,0,0.0074896239675581455
neg_A00044_37194-11061.png,0,0.00013658354873768985
pos_A00032_2950-21474.png,1,0.9985017776489258
neg_A00009_8326-14894.png,0,0.06596493721008301
pos_A00008_41386-8436.png,1,0.999231219291687
pos_A00008_11871-11283.png,1,0.9904221296310425
pos_A00017_11993-13924.png,1,0.03715182840824127
neg_A00040_1714-16476.png,0,0.08834723383188248
neg_A00040_16968-6229.png,0,0.21109139919281006
neg_A00016_8865-23887.png,0,0.7575254440307617
neg_A00001_43903-5156.png,0,0.5978940725326538
neg_A00001_40301-7025.png,0,0.029873093590140343
neg_A00006_15948-2175.png,0,0.002305125119164586
neg_A00028_24644-20959.png,0,0.015043660998344421
neg_A00002_28909-8812.png,0,0.0005033356137573719
pos_A00023_19313-8007.png,1,0.9870420694351196
neg_A00019_29955-38053.png,0,0.11353044211864471
neg_A00006_25419-1114.png,0,0.004407976754009724
neg_A00033_33735-29551.png,0,0.6342318654060364
neg_A00006_31752-16593.png,0,0.03796369209885597
neg_A00014_32963-11050.png,0,0.6149144172668457
neg_A00006_21724-2657.png,0,0.00021485923207364976
neg_A00000_17086-1885.png,0,0.02437659725546837
neg_A00039_19217-15819.png,0,0.009046505205333233
neg_A00039_34134-4509.png,0,7.39743045414798e-05
pos_A00008_2965-15615.png,1,0.989591658115387
pos_A00008_11259-13841.png,1,0.3376401960849762
neg_A00013_3380-7768.png,0,0.0013804222689941525
pos_A00008_41988-7820.png,1,0.9958900809288025
neg_A00003_5700-22288.png,0,0.48272058367729187
neg_A00005_9929-13336.png,0,0.03305475041270256
neg_A00031_17001-27337.png,0,0.0025065753143280745
neg_A00018_27703-2285.png,0,7.572842878289521e-05
pos_A00016_48917-23794.png,1,0.6086376309394836
neg_A00039_38042-17734.png,0,0.00019035942386835814
neg_A00005_13191-23510.png,0,0.0008951908675953746
pos_A00008_41798-12395.png,1,0.9909797310829163
neg_A00044_51123-11989.png,0,0.0026368051767349243
neg_A00011_6480-10030.png,0,0.00019949312263634056
pos_A00032_12338-22513.png,1,0.9631959199905396
pos_A00007_6822-16294.png,1,0.7551859021186829
neg_A00006_23857-11668.png,0,0.003517488483339548
neg_A00040_12212-7646.png,0,0.01457353588193655
neg_A00020_32552-10042.png,0,0.019382191821932793
neg_A00031_42718-6428.png,0,0.0001606168516445905
neg_A00006_21024-17211.png,0,0.009099184535443783
neg_A00038_6298-11857.png,0,0.08969352394342422
neg_A00009_28576-16833.png,0,0.07800789922475815
neg_A00016_16578-19885.png,0,0.020567096769809723
pos_A00032_22923-23221.png,1,0.9994274377822876
neg_A00005_17830-26431.png,0,0.6146181225776672
pos_A00032_26061-23461.png,1,0.36886027455329895
neg_A00004_28678-17702.png,0,0.00031565441167913377
pos_A00042_2266-22648.png,1,0.9990800619125366
neg_A00011_28133-13407.png,0,0.026784729212522507
neg_A00032_26302-23766.png,0,0.08620801568031311
neg_A00022_34863-11933.png,0,0.01696370169520378
neg_A00033_32820-30728.png,0,0.6564178466796875
pos_A00040_773-14246.png,1,0.9966691136360168
neg_A00042_5908-18698.png,0,0.04742587357759476
pos_A00008_10991-12176.png,1,0.9990907907485962
neg_A00044_47037-12231.png,0,0.08799391239881516
neg_A00010_27408-23823.png,0,0.10743747651576996
pos_A00008_36102-9630.png,1,0.9981862902641296
pos_A00030_9238-28738.png,1,0.9772841930389404
pos_A00017_32447-28015.png,1,0.9993880987167358
neg_A00012_12271-16470.png,0,0.007303223479539156
neg_A00006_34161-16777.png,0,0.005139611195772886
pos_A00008_5983-13377.png,1,0.9899086952209473
pos_A00002_17369-29777.png,1,0.9879229664802551
pos_A00016_46798-23235.png,1,0.1094675362110138
neg_A00033_17056-9050.png,0,0.008140463382005692
pos_A00008_40677-10330.png,1,0.9093852639198303
neg_A00002_16722-9790.png,0,0.17279909551143646
neg_A00006_22544-1919.png,0,0.0013327986234799027
neg_A00015_39211-17092.png,0,0.0006238938658498228
neg_A00033_29910-8897.png,0,0.015573563054203987
pos_A00006_31934-11165.png,1,0.9740179777145386
pos_A00040_1553-14096.png,1,0.9964756369590759
neg_A00003_26333-22106.png,0,0.03305475041270256
pos_A00023_14418-9198.png,1,0.9910492897033691
pos_A00004_5529-12730.png,1,0.9857455492019653
neg_A00000_20891-8601.png,0,0.029423581436276436
pos_A00008_33791-8983.png,1,0.9956936836242676
neg_A00031_13073-20842.png,0,0.15681377053260803
neg_A00039_48026-20764.png,0,0.02134847454726696
neg_A00013_22607-8037.png,0,0.0009622125653550029
pos_A00040_708-11997.png,1,0.9928231239318848
neg_A00040_13000-7867.png,0,0.0006576552405022085
pos_A00025_28662-18519.png,1,0.9994069337844849
neg_A00005_15552-21647.png,0,0.06705628335475922
neg_A00006_34208-5957.png,0,0.0021699920762330294
neg_A00004_7404-16514.png,0,0.8289388418197632
pos_A00027_22913-30414.png,1,0.0066025699488818645
pos_A00019_31082-35975.png,1,0.8649391531944275
neg_A00017_12561-1358.png,0,0.01581493206322193
pos_A00004_18238-4338.png,1,0.9917002320289612
pos_A00004_31401-5380.png,1,0.9992190599441528
neg_A00016_13972-19288.png,0,0.024214550852775574
neg_A00031_11915-21427.png,0,0.013663132674992085
neg_A00033_18054-8454.png,0,0.007953389547765255
pos_A00035_24436-27027.png,1,0.31305214762687683
neg_A00010_12119-17216.png,0,0.015321081504225731
neg_A00006_22205-11515.png,0,0.00035488588036969304
neg_A00009_9106-14648.png,0,0.769816517829895
neg_A00005_8732-13799.png,0,0.006731917150318623
neg_A00039_46304-9203.png,0,0.004038591403514147
neg_A00026_23131-6747.png,0,0.005641908850520849
neg_A00031_46729-16033.png,0,0.006810730788856745
neg_A00033_28731-8576.png,0,0.026355354115366936
neg_A00043_23314-9125.png,0,0.0012968953233212233
neg_A00005_17273-26871.png,0,0.9787938594818115
neg_A00005_16111-26190.png,0,0.8788870573043823
neg_A00006_33762-10741.png,0,0.0008263575728051364
neg_A00020_35420-1347.png,0,0.0005781619693152606
neg_A00009_9340-17466.png,0,0.005099818110466003
neg_A00013_15410-10990.png,0,0.06418264657258987
pos_A00007_34248-19126.png,1,0.6999214291572571
neg_A00006_22319-23015.png,0,0.0003340431721881032
pos_A00036_26547-30229.png,1,0.9929060935974121
pos_A00025_25557-17649.png,1,0.9984145164489746
pos_A00002_21556-26881.png,1,0.9966102242469788
neg_A00004_6517-24429.png,0,0.7650232911109924
neg_A00020_26810-25306.png,0,0.3484788239002228
neg_A00031_47546-14864.png,0,0.0038844766095280647
pos_A00019_30300-36556.png,1,0.4096044898033142
pos_A00004_39301-8898.png,1,0.9980238676071167
pos_A00004_41862-12683.png,1,0.9983124732971191
pos_A00001_32572-26622.png,1,0.9981897473335266
neg_A00029_39909-25363.png,0,0.13307686150074005
pos_A00001_24417-10092.png,1,0.9994263648986816
pos_A00001_36191-27732.png,1,0.9987305998802185
neg_A00016_8487-25327.png,0,0.02380266599357128
neg_A00029_37211-17213.png,0,0.0698583573102951
neg_A00005_14041-24520.png,0,0.0024249141570180655
neg_A00018_10785-31285.png,0,0.17455095052719116
neg_A00003_2692-21911.png,0,0.01581493206322193
neg_A00041_38505-6606.png,0,0.00675153499469161
neg_A00006_33502-11190.png,0,0.0013804222689941525
neg_A00017_8907-14056.png,0,0.009821793995797634
neg_A00022_36806-12144.png,0,0.0026939143426716328
pos_A00027_25955-28069.png,1,0.6680145263671875
neg_A00025_29092-33122.png,0,0.8285229802131653
neg_A00017_12985-1272.png,0,0.022977370768785477
neg_A00006_25546-1267.png,0,0.00033930176869034767
neg_A00020_31391-18242.png,0,0.0007350447704084218
neg_A00038_11869-23105.png,0,0.13828714191913605
neg_A00006_20356-11473.png,0,0.0024871178902685642
pos_A00036_28680-21006.png,1,0.9885250926017761
pos_A00007_28208-12995.png,1,0.9485372304916382
neg_A00012_8579-2638.png,0,0.6929537057876587
pos_A00040_20778-20965.png,1,0.6576827764511108
neg_A00001_21441-23630.png,0,0.5560530424118042
neg_A00019_31540-37377.png,0,0.352884441614151
neg_A00020_24880-25480.png,0,0.001138000632636249
neg_A00041_34315-6489.png,0,0.00017468635633122176
pos_A00040_35238-28143.png,1,0.9745803475379944
neg_A00017_17474-7999.png,0,0.00391482375562191
neg_A00020_32111-10113.png,0,0.006930672097951174
pos_A00008_3962-16002.png,1,0.85500568151474
neg_A00020_33529-1879.png,0,0.11221037060022354
neg_A00022_15215-29734.png,0,0.00446838466450572
neg_A00045_13188-28235.png,0,0.0006667023408226669
neg_A00033_44198-12548.png,0,0.043446894735097885
neg_A00010_5506-8765.png,0,0.029118353500962257
neg_A00015_39309-40555.png,0,0.03598218038678169
neg_A00010_18900-16816.png,0,0.01139758713543415
neg_A00005_16434-26330.png,0,0.8682692646980286
neg_A00017_11818-14322.png,0,0.0018350842874497175
neg_A00001_32217-3200.png,0,0.0006851713405922055
neg_A00039_18691-2450.png,0,0.0001431373821105808
neg_A00042_4897-18568.png,0,0.028625505045056343
pos_A00008_33787-10462.png,1,0.9533185362815857
pos_A00019_41149-13235.png,1,0.00010932308214250952
neg_A00031_17128-26776.png,0,0.001995538827031851
neg_A00006_27232-1716.png,0,0.0010817153379321098
pos_A00001_29819-25395.png,1,0.9990960359573364
pos_A00035_25142-26438.png,1,0.9842910766601562
neg_A00006_32201-1137.png,0,0.002269468503072858
neg_A00039_31012-4188.png,0,0.0006035310216248035
pos_A00008_42751-11371.png,1,0.9836598634719849
pos_A00017_53812-13514.png,1,0.9996079802513123
neg_A00016_30503-20971.png,0,0.24935582280158997
neg_A00013_16310-12090.png,0,0.10641169548034668
neg_A00029_32031-24102.png,0,0.008187909610569477
pos_A00045_43359-10753.png,1,0.9992327690124512
neg_A00040_20848-10838.png,0,0.12656910717487335
pos_A00008_41061-10284.png,1,0.9933717250823975
neg_A00010_14727-16760.png,0,0.25804540514945984
neg_A00003_17408-15330.png,0,0.0004036925674881786
neg_A00043_21571-9060.png,0,0.0008525666780769825
neg_A00039_27306-3065.png,0,7.141901733120903e-05
neg_A00003_30804-22496.png,0,0.00041976713691838086
neg_A00012_9513-1872.png,0,0.07807815819978714
neg_A00038_15756-19396.png,0,0.01634012721478939
pos_A00004_39607-10113.png,1,0.9708540439605713
neg_A00010_11962-24586.png,0,0.2769349217414856
neg_A00014_22923-10284.png,0,0.0015337332151830196
neg_A00000_16807-1873.png,0,0.10311470925807953
pos_A00015_38663-39337.png,1,0.9993320107460022
neg_A00012_15370-16379.png,0,0.09855546802282333
neg_A00002_28362-8893.png,0,0.0007408056408166885
neg_A00028_24765-21222.png,0,0.18862271308898926
neg_A00003_23764-15015.png,0,0.0006449432112276554
neg_A00003_37672-16416.png,0,0.00228277500718832
pos_A00008_31921-6468.png,1,0.673245370388031
neg_A00002_22130-30438.png,0,0.0698583573102951
pos_A00008_34836-10104.png,1,0.998619556427002
neg_A00039_4448-5027.png,0,0.07107366621494293
pos_A00044_4371-11760.png,1,0.9723359942436218
pos_A00001_33387-26795.png,1,0.9986006617546082
pos_A00007_33045-21031.png,1,0.35563501715660095
pos_A00007_2664-16767.png,1,0.8592509031295776
neg_A00017_33092-33319.png,0,0.004709205590188503
pos_A00001_19730-8809.png,1,0.7638803124427795
neg_A00001_10291-7675.png,0,0.9481064677238464
pos_A00008_13612-9226.png,1,0.0018386653391644359
neg_A00042_4486-18370.png,0,0.020645931363105774
pos_A00039_28422-20228.png,1,0.8772666454315186
neg_A00039_37558-20768.png,0,0.004339932929724455
neg_A00000_4357-26784.png,0,0.0006878511630930007
pos_A00001_28540-24645.png,1,0.988949179649353
neg_A00039_34194-7556.png,0,0.006180981174111366
neg_A00009_7932-16195.png,0,0.0010362669127061963
neg_A00002_14669-7062.png,0,0.004801641218364239
neg_A00005_14446-25090.png,0,0.8495347499847412
neg_A00004_14713-22325.png,0,0.07913912832736969
pos_A00000_9421-27580.png,1,0.9998155236244202
neg_A00020_30897-18278.png,0,0.00033732017618604004
pos_A00008_12767-10345.png,1,0.9892752766609192
neg_A00031_42033-4857.png,0,0.0010423501953482628
neg_A00031_11429-21886.png,0,0.018038028851151466
pos_A00027_25520-32454.png,1,0.8259058594703674
neg_A00005_13779-24084.png,0,0.005312204826623201
neg_A00004_14422-22806.png,0,0.4261723458766937
neg_A00033_31123-8342.png,0,0.01659317873418331
neg_A00006_27595-1312.png,0,0.001995538827031851
neg_A00010_15748-9595.png,0,0.08628497272729874
neg_A00015_40957-37199.png,0,0.961207389831543
neg_A00004_17473-14648.png,0,0.08651622384786606
pos_A00004_6037-13580.png,1,0.9334307909011841
neg_A00022_21324-25032.png,0,0.0972188413143158
neg_A00029_37012-17730.png,0,0.25464797019958496
neg_A00039_45194-9518.png,0,0.15616923570632935
pos_A00008_1648-15024.png,1,0.909062922000885
neg_A00029_41085-24516.png,0,0.3591674268245697
neg_A00004_15037-22415.png,0,0.05198967084288597
neg_A00010_15516-24387.png,0,0.029844803735613823
pos_A00030_10810-27847.png,1,0.9966102242469788
neg_A00032_31802-22953.png,0,0.0064882696606218815
pos_A00032_28868-5292.png,1,0.9928786158561707
pos_A00043_18303-10378.png,1,0.0124076958745718
neg_A00016_48295-23940.png,0,0.055310651659965515
pos_A00003_3323-22225.png,1,0.2114168256521225
pos_A00024_47637-26151.png,1,0.9062390327453613
neg_A00001_44233-5377.png,0,0.19597849249839783
neg_A00006_18618-1842.png,0,0.001138000632636249
pos_A00001_34878-27590.png,1,0.998835027217865
pos_A00008_31623-6419.png,1,0.6873414516448975
neg_A00006_35061-10554.png,0,0.0008426422718912363
neg_A00034_33325-8760.png,0,0.0001719785650493577
neg_A00017_9656-14080.png,0,0.05465104058384895
neg_A00019_30289-38438.png,0,0.01657724939286709
neg_A00002_18149-10278.png,0,0.023353029042482376
neg_A00017_11833-14182.png,0,0.009196553379297256
neg_A00022_48917-25684.png,0,0.00021070436923764646
pos_A00011_29764-11232.png,1,0.9890449047088623
neg_A00020_27669-25136.png,0,0.18075650930404663
pos_A00040_2862-6714.png,1,0.3771534562110901
neg_A00037_7873-5656.png,0,0.0012545945355668664
neg_A00017_29821-33665.png,0,0.007345826365053654
neg_A00010_15870-16974.png,0,0.004425152204930782
neg_A00040_2164-16894.png,0,0.09825222939252853
neg_A00002_18286-30391.png,0,0.33464381098747253
neg_A00039_49111-9437.png,0,0.4475206732749939
pos_A00007_34886-18508.png,1,0.9958174824714661
neg_A00033_31433-8177.png,0,0.011485951952636242
neg_A00039_36393-17670.png,0,0.00010679088154574856
neg_A00011_31026-13021.png,0,0.5611997842788696
pos_A00023_19098-7416.png,1,0.9851146936416626
neg_A00025_25533-31535.png,0,0.08779820054769516
neg_A00005_14774-25542.png,0,0.0634823590517044
pos_A00026_34303-5627.png,1,0.07323096692562103
neg_A00028_40518-8928.png,0,0.11367794871330261
neg_A00017_13088-35576.png,0,0.3296479284763336
neg_A00036_25553-28300.png,0,0.0004036925674881786
neg_A00038_12417-12435.png,0,0.008577484637498856
pos_A00015_9641-6305.png,1,0.9943581223487854
neg_A00004_15588-18846.png,0,0.007907291874289513
neg_A00031_12570-21854.png,0,0.003621685318648815
neg_A00032_26848-23686.png,0,0.12405373901128769
pos_A00014_32251-11673.png,1,0.984752357006073
neg_A00036_9862-25010.png,0,0.25312182307243347
pos_A00030_7621-29923.png,1,0.9946046471595764
neg_A00005_17758-26688.png,0,0.9395261406898499
pos_A00004_10875-18842.png,1,0.39978232979774475
neg_A00015_40046-40197.png,0,0.017543187364935875
neg_A00038_6106-11721.png,0,0.0001870431296993047
neg_A00032_15297-23018.png,0,0.8556703329086304
pos_A00016_45724-23205.png,1,0.42017948627471924
neg_A00012_21045-15605.png,0,0.37413305044174194
neg_A00047_19909-15383.png,0,0.0019380352459847927
neg_A00036_9417-25806.png,0,0.0634823590517044
neg_A00039_51962-20515.png,0,0.013902058824896812
neg_A00012_10137-1975.png,0,0.9471859931945801
pos_A00027_23029-30286.png,1,0.046076804399490356
neg_A00020_30447-10013.png,0,0.00039127710624597967
neg_A00036_24266-26555.png,0,0.038178276270627975
neg_A00022_37987-25789.png,0,0.000737919588573277
neg_A00017_17017-7817.png,0,0.015247589908540249
pos_A00034_39196-5759.png,1,0.942135214805603
neg_A00038_12127-22676.png,0,0.9937950372695923
neg_A00006_35681-16075.png,0,0.00851130299270153
pos_A00004_28255-19442.png,1,0.9222025275230408
neg_A00004_6110-24017.png,0,0.8828830122947693
pos_A00008_4698-15673.png,1,0.6743722558021545
neg_A00005_12897-22807.png,0,0.31321296095848083
neg_A00039_29340-2854.png,0,4.629321847460233e-05
pos_A00008_3147-12957.png,1,0.9917323589324951
neg_A00003_26135-14920.png,0,0.19837458431720734
neg_A00044_34877-12823.png,0,0.9679902195930481
neg_A00002_27720-9158.png,0,0.009522486478090286
neg_A00001_44333-6566.png,0,0.17002512514591217
pos_A00004_6430-14452.png,1,0.8127187490463257
neg_A00032_8976-23032.png,0,0.012088717892765999
pos_A00042_6099-27889.png,1,0.9981756210327148
neg_A00047_15193-6640.png,0,0.22272127866744995
neg_A00004_5352-39050.png,0,0.0068971458822488785
neg_A00029_42274-4967.png,0,0.013273888267576694
neg_A00017_13647-35680.png,0,0.4238995313644409
pos_A00002_33023-10236.png,1,0.9972903728485107
neg_A00025_27584-33118.png,0,0.30559369921684265
neg_A00005_13247-23953.png,0,0.014131492003798485
neg_A00038_16033-19474.png,0,0.05389915406703949
pos_A00039_26054-6578.png,1,0.9876876473426819
pos_A00023_14332-9486.png,1,0.9644221067428589
neg_A00022_54331-11463.png,0,0.0006628098199144006
pos_A00015_9065-6595.png,1,0.9951796531677246
neg_A00031_12261-21558.png,0,0.031708598136901855
pos_A00007_11083-16186.png,1,0.05335398390889168
neg_A00033_41188-26497.png,0,0.005179713014513254
neg_A00047_19603-15481.png,0,0.0001837845629779622
neg_A00000_10765-15516.png,0,0.1544397473335266
neg_A00027_23438-32059.png,0,0.8110033273696899
pos_A00044_5282-12339.png,1,0.9963853359222412
neg_A00005_13258-17599.png,0,0.1605948656797409
neg_A00016_13094-10472.png,0,0.0002115288662025705
neg_A00024_39919-10316.png,0,0.05707140266895294
neg_A00018_8332-29801.png,0,0.03164868429303169
neg_A00020_27933-10418.png,0,0.0024060888681560755
neg_A00006_20573-6584.png,0,0.006073934491723776
neg_A00015_4097-10729.png,0,0.023397620767354965
neg_A00012_12851-25324.png,0,0.0011809737188741565
neg_A00041_14046-6150.png,0,0.000810387369710952
pos_A00008_2812-14962.png,1,0.991169810295105
pos_A00023_14558-8662.png,1,0.9971550703048706
pos_A00035_24686-26551.png,1,0.7260858416557312
neg_A00018_7994-29827.png,0,0.022011233493685722
pos_A00008_33208-7984.png,1,0.9963071346282959
neg_A00002_15440-7418.png,0,0.013121270574629307
pos_A00007_36564-16983.png,1,0.9883127808570862
pos_A00001_28854-24874.png,1,0.8934489488601685
pos_A00027_24109-33084.png,1,0.06131153553724289
pos_A00024_42131-29093.png,1,0.9920002222061157
neg_A00031_13314-22080.png,0,0.028761589899659157
neg_A00029_41943-5169.png,0,0.3006942570209503
neg_A00018_7561-29752.png,0,0.42579543590545654
neg_A00003_25641-15026.png,0,0.002477445174008608
neg_A00001_27597-10186.png,0,0.17617498338222504
pos_A00008_35714-7476.png,1,0.9737197160720825
pos_A00010_7895-16932.png,1,0.03491378203034401
pos_A00017_7393-5555.png,1,0.953665018081665
neg_A00010_5133-16003.png,0,0.09518111497163773
pos_A00008_39780-8627.png,1,0.9820998907089233
neg_A00020_36064-9669.png,0,0.6182907819747925
pos_A00030_10256-25367.png,1,0.9122800230979919
neg_A00013_9670-5971.png,0,0.038214150816202164
neg_A00047_21039-15131.png,0,0.014104307629168034
neg_A00044_49702-12093.png,0,0.0020547446329146624
neg_A00043_23803-8330.png,0,0.0002131875662598759
pos_A00027_23303-31794.png,1,0.5574067831039429
neg_A00018_5231-29213.png,0,0.001162685570307076
neg_A00006_21181-16470.png,0,0.4085790812969208
pos_A00004_41397-12430.png,1,0.9949199557304382
neg_A00005_24605-4353.png,0,0.012957889586687088
neg_A00033_17419-8995.png,0,0.1294577568769455
neg_A00009_28319-17022.png,0,0.35592880845069885
pos_A00001_29875-9936.png,1,0.9934738278388977
neg_A00005_17525-26573.png,0,0.39458000659942627
neg_A00031_43364-18305.png,0,0.0031603528186678886
neg_A00032_30878-23098.png,0,0.17490297555923462
neg_A00033_33256-30458.png,0,0.5285030007362366
neg_A00004_19497-13498.png,0,0.059866417199373245
neg_A00006_29066-1403.png,0,0.0008328334079124033
neg_A00012_7894-27300.png,0,0.008898884057998657
neg_A00004_13966-22532.png,0,0.6473315954208374
pos_A00004_6582-15141.png,1,0.13730096817016602
neg_A00039_31867-4327.png,0,0.0004347805224824697
neg_A00012_9197-16911.png,0,0.005089918151497841
neg_A00009_9192-17144.png,0,0.011136502958834171
neg_A00006_29341-1501.png,0,0.0007598414667882025
neg_A00044_39552-10782.png,0,0.0010670424671843648
pos_A00007_11591-16227.png,1,0.02668309211730957
neg_A00018_8847-30027.png,0,0.016013750806450844
neg_A00020_36306-9907.png,0,0.4630800187587738
neg_A00041_22262-20179.png,0,0.007591942325234413
pos_A00043_26841-30651.png,1,0.6326162815093994
neg_A00004_11737-21137.png,0,0.9826743006706238
pos_A00016_46637-23045.png,1,0.006314364727586508
pos_A00001_33764-9787.png,1,0.9971216320991516
neg_A00003_38008-16426.png,0,0.0023504828568547964
neg_A00032_7280-22569.png,0,0.11008787900209427
neg_A00011_24757-14797.png,0,0.3372308015823364
neg_A00006_24083-16210.png,0,0.11090373247861862
neg_A00033_16232-8678.png,0,0.050611432641744614
neg_A00009_33243-20877.png,0,0.0015397268580272794
neg_A00034_34335-9052.png,0,0.005922556854784489
neg_A00003_30374-22785.png,0,0.003794834017753601
neg_A00012_7232-16555.png,0,0.3237006962299347
pos_A00007_34345-18289.png,1,0.44002556800842285
neg_A00003_8078-22476.png,0,0.011463796719908714
neg_A00011_3024-6982.png,0,0.00022693384380545467
neg_A00039_38242-18691.png,0,0.000103505612059962
pos_A00007_10844-15943.png,1,0.014728613197803497
neg_A00040_12818-7546.png,0,0.00655152415856719
neg_A00012_10664-25871.png,0,0.010539891198277473
neg_A00031_46792-14222.png,0,0.01652955822646618
pos_A00004_5379-13489.png,1,0.9989857077598572
neg_A00013_16501-12471.png,0,0.2749350070953369
neg_A00043_31273-30338.png,0,0.006984649691730738
pos_A00021_23619-11247.png,1,0.07864238321781158
neg_A00005_16559-23929.png,0,0.04472257196903229
pos_A00007_32723-20006.png,1,0.08137363940477371
neg_A00021_35206-6543.png,0,0.00042804275290109217
pos_A00003_37185-16232.png,1,0.1937568634748459
pos_A00008_7849-11126.png,1,0.01287075038999319
neg_A00009_10008-17015.png,0,0.0031297362875193357
pos_A00008_35487-6914.png,1,0.4831683039665222
neg_A00038_7327-10641.png,0,0.0006226772093214095
neg_A00013_2976-22121.png,0,0.41134732961654663
neg_A00018_16613-15322.png,0,0.33589524030685425
pos_A00004_11021-21030.png,1,0.997036337852478
pos_A00004_35407-9449.png,1,0.9982143640518188
pos_A00032_21963-23286.png,1,0.21239535510540009
neg_A00010_9444-24500.png,0,0.0065261488780379295
neg_A00040_17482-6167.png,0,0.0120537793263793
neg_A00003_31299-22760.png,0,0.08586245775222778
pos_A00032_23632-23182.png,1,0.9998028874397278
neg_A00013_18971-3992.png,0,6.922183092683554e-05
pos_A00018_17504-15775.png,1,0.9912716746330261
pos_A00007_33701-18592.png,1,0.9897513389587402
neg_A00034_34028-12224.png,0,0.4671114683151245
neg_A00018_14023-14543.png,0,0.07689148187637329
neg_A00039_21945-2636.png,0,8.682211046107113e-05
neg_A00038_15399-22579.png,0,0.5332568883895874
neg_A00006_34909-16928.png,0,0.005179713014513254
neg_A00010_11409-16784.png,0,0.06210312247276306
pos_A00023_18803-8486.png,1,0.6645811200141907
pos_A00039_30692-19838.png,1,0.9265034794807434
neg_A00039_35631-5025.png,0,9.351046901429072e-05
pos_A00017_7725-5598.png,1,0.9985363483428955
neg_A00041_32644-17107.png,0,0.008594110608100891
neg_A00043_28137-9466.png,0,0.05765223503112793
pos_A00008_35459-9698.png,1,0.9973631501197815
pos_A00032_3244-21572.png,1,0.9829710125923157
pos_A00019_30218-37153.png,1,0.5538672804832458
neg_A00040_15588-19914.png,0,0.0024871178902685642
neg_A00022_46234-11362.png,0,0.00011456900392659009
neg_A00002_21737-30797.png,0,0.07640768587589264
pos_A00040_34559-28326.png,1,0.9121626615524292
neg_A00047_20367-15150.png,0,0.07839507609605789
neg_A00006_34640-16601.png,0,0.0016388678923249245
neg_A00006_26577-16156.png,0,0.0036856739316135645
neg_A00038_15298-13362.png,0,0.022180039435625076
pos_A00005_17601-27080.png,1,0.997945249080658
pos_A00042_19784-21763.png,1,0.7881758809089661
neg_A00011_26004-14337.png,0,0.11757213622331619
neg_A00010_15799-24362.png,0,0.015087132342159748
neg_A00031_12913-20815.png,0,0.2182525247335434
neg_A00016_4175-17831.png,0,0.000755405577365309
neg_A00006_22330-11348.png,0,0.000498446577694267
neg_A00032_26705-23919.png,0,0.019643759354948997
neg_A00005_10714-14107.png,0,0.8601930737495422
neg_A00006_35230-16671.png,0,0.04742587357759476
neg_A00004_9196-17827.png,0,0.12597651779651642
neg_A00010_17708-24244.png,0,0.0020387868862599134
neg_A00036_24320-28385.png,0,0.07126733660697937
neg_A00012_12176-1608.png,0,0.546042263507843
neg_A00039_28090-4208.png,0,0.00033930176869034767
neg_A00029_34813-26966.png,0,0.005011402536183596
pos_A00008_6514-13973.png,1,0.9784671068191528
neg_A00022_43978-11580.png,0,0.0035106490831822157
neg_A00013_17418-14726.png,0,0.0008135565440170467
neg_A00004_15964-18852.png,0,0.08218025416135788
neg_A00010_26641-23964.png,0,0.017593754455447197
neg_A00025_27237-32565.png,0,0.22312305867671967
neg_A00020_34953-1533.png,0,0.00017743678472470492
pos_A00044_7290-14302.png,1,0.18162581324577332
pos_A00007_33442-18872.png,1,0.8409132957458496
neg_A00013_15876-11481.png,0,0.06675146520137787
neg_A00045_39927-28295.png,0,0.006628239527344704
neg_A00003_23318-22980.png,0,0.015101651661098003
neg_A00003_24344-14830.png,0,0.0006945966742932796
neg_A00031_43517-4676.png,0,0.0008575725369155407
neg_A00029_44654-4104.png,0,0.4973297417163849
neg_A00028_31214-14999.png,0,0.01245565339922905
neg_A00029_30194-26307.png,0,0.1831549108028412
neg_A00015_39399-17380.png,0,0.0004784256452694535
pos_A00001_37837-29097.png,1,0.9995793700218201
neg_A00031_43027-6436.png,0,0.00021696732437703758
pos_A00032_25851-23679.png,1,0.7851850986480713
neg_A00006_27568-10315.png,0,0.41125863790512085
neg_A00005_15828-22205.png,0,0.15096519887447357
neg_A00003_6700-22421.png,0,0.6539561152458191
pos_A00007_33693-19437.png,1,0.1391037553548813
neg_A00043_28079-30555.png,0,0.00807762611657381
neg_A00033_26122-8493.png,0,0.6953509449958801
pos_A00008_11089-11337.png,1,0.999140739440918
neg_A00005_15603-20827.png,0,0.0019192374311387539
neg_A00022_45561-26071.png,0,0.0006337125669233501
pos_A00004_10359-18553.png,1,0.9856215119361877
neg_A00017_15244-1629.png,0,0.10894504189491272
pos_A00007_37099-14175.png,1,0.8977401852607727
neg_A00031_13151-19356.png,0,0.039787810295820236
pos_A00004_33840-9806.png,1,0.9996886253356934
neg_A00013_4713-16251.png,0,0.12368281185626984
neg_A00006_21701-2371.png,0,0.00018235458992421627
neg_A00006_32420-1309.png,0,0.0007947255508042872
pos_A00027_23437-32587.png,1,0.9980581402778625
neg_A00006_23701-6890.png,0,0.0008215338457375765
neg_A00006_33986-6259.png,0,0.0027846090961247683
pos_A00030_11482-29920.png,1,0.9761291742324829
pos_A00017_8779-5207.png,1,0.999099612236023
neg_A00010_26343-24088.png,0,0.022977370768785477
neg_A00005_14124-24761.png,0,0.003983970265835524
pos_A00038_28332-14288.png,1,0.9111006855964661
pos_A00042_14020-26681.png,1,0.2711069583892822
neg_A00032_13815-22945.png,0,0.16735470294952393
neg_A00012_7682-27424.png,0,0.04296246916055679
neg_A00039_20459-2841.png,0,6.605214002775028e-05
pos_A00008_8695-14780.png,1,0.9976769089698792
neg_A00006_27127-1296.png,0,0.003892041277140379
pos_A00008_33038-6244.png,1,0.998542070388794
pos_A00001_31653-9457.png,1,0.9754602313041687
neg_A00017_11037-7700.png,0,0.0006905414629727602
neg_A00017_9381-14081.png,0,0.007770581636577845
pos_A00007_10929-16378.png,1,0.4891069531440735
neg_A00007_39649-12754.png,0,0.010110844857990742
pos_A00030_9835-27292.png,1,0.9164093732833862
neg_A00005_13549-18875.png,0,0.002878348110243678
neg_A00006_32125-1431.png,0,0.0004774926055688411
neg_A00008_2203-12312.png,0,0.0003269453009124845
neg_A00026_24134-6748.png,0,0.013337993063032627
pos_A00030_10921-28680.png,1,0.9982351064682007
neg_A00001_30073-2712.png,0,0.0003583672805689275
neg_A00013_16747-12994.png,0,0.2872177064418793
neg_A00031_42989-7310.png,0,0.00012731103925034404
pos_A00032_3519-21746.png,1,0.9542653560638428
pos_A00004_32315-5437.png,1,0.9977916479110718
neg_A00029_36028-27440.png,0,0.07303238660097122
pos_A00008_42988-10443.png,1,0.9227263927459717
neg_A00039_8096-5280.png,0,0.6619774699211121
pos_A00040_2797-10822.png,1,0.9103862047195435
neg_A00020_35482-24462.png,0,0.013350849971175194
pos_A00008_7155-14575.png,1,0.9496226906776428
neg_A00047_45093-9017.png,0,0.24707794189453125
neg_A00033_27265-8490.png,0,0.7413932681083679
neg_A00013_4210-9713.png,0,0.0016388678923249245
neg_A00013_19674-6808.png,0,0.738055944442749
pos_A00001_38895-29723.png,1,0.9819619059562683
pos_A00007_33806-18809.png,1,0.1149633452296257
pos_A00008_34608-9560.png,1,0.9837537407875061
neg_A00033_34252-27139.png,0,0.005674875341355801
pos_A00023_18958-7889.png,1,0.8015477657318115
pos_A00008_4456-14736.png,1,0.9983958601951599
pos_A00008_8077-11198.png,1,0.4811795651912689
neg_A00004_42889-6016.png,0,0.003422935027629137
neg_A00029_32441-26276.png,0,0.8863712549209595
neg_A00022_20917-24953.png,0,0.034618839621543884
neg_A00015_40754-37316.png,0,0.5204353928565979
neg_A00012_9014-26285.png,0,0.08181271702051163
neg_A00012_6461-3756.png,0,0.00031381085864268243
neg_A00039_24328-2910.png,0,8.061209518928081e-05
pos_A00004_42541-12407.png,1,0.9952540397644043
neg_A00003_7255-22117.png,0,0.07565305382013321
neg_A00038_29246-13574.png,0,0.04099902883172035
neg_A00001_27624-2947.png,0,0.00024729344295337796
pos_A00030_10556-27499.png,1,0.9984481334686279
neg_A00029_34210-26572.png,0,0.02366689406335354
pos_A00040_2321-9399.png,1,0.9901019334793091
neg_A00004_7237-38004.png,0,0.09925173223018646
pos_A00015_14861-6019.png,1,0.9535353183746338
pos_A00001_22265-9710.png,1,0.999593198299408
neg_A00022_38147-27103.png,0,0.0031419473234564066
pos_A00018_16387-15517.png,1,0.6893578767776489
pos_A00017_54065-12912.png,1,0.9998339414596558
neg_A00003_7700-22311.png,0,0.011642225086688995
neg_A00004_11128-18578.png,0,0.06644792854785919
pos_A00000_9209-28820.png,1,0.9982959628105164
pos_A00019_44925-15486.png,1,0.01795174367725849
neg_A00043_18126-10110.png,0,0.011574994772672653
pos_A00001_34963-9166.png,1,0.9995995163917542
neg_A00020_33036-1863.png,0,0.010268432088196278
pos_A00027_23570-31824.png,1,0.5858122110366821
neg_A00020_36002-1328.png,0,0.004886374808847904
pos_A00015_8583-6875.png,1,0.9458513259887695
neg_A00020_25215-25690.png,0,0.09670579433441162
neg_A00020_31716-9927.png,0,0.02330852672457695
neg_A00039_47619-9020.png,0,0.0065261488780379295
pos_A00040_1322-13096.png,1,0.9441511034965515
neg_A00005_9963-15085.png,0,0.0007993920589797199
pos_A00000_10028-28628.png,1,0.9834862947463989
neg_A00013_3324-21880.png,0,0.8047897815704346
neg_A00017_12701-14473.png,0,0.006253384985029697
neg_A00001_29355-3679.png,0,0.0018102108733728528
neg_A00003_20328-14958.png,0,0.00015177360910456628
neg_A00016_46355-22766.png,0,0.00886449869722128
neg_A00043_17532-31897.png,0,0.18025092780590057
neg_A00019_40906-16513.png,0,0.19744445383548737
pos_A00036_24924-29724.png,1,0.1625128984451294
pos_A00042_24414-32208.png,1,0.999593198299408
pos_A00008_8902-13743.png,1,0.9736696481704712
pos_A00008_40683-11016.png,1,0.9535785913467407
pos_A00030_9474-29311.png,1,0.10021623969078064
